,produk,umur,domisili,gender,status_perkawinan,profesi,tujuan,penghasilan,persentase_tabungan
0,Tabungan Anak Muda,21-30 tahun,Jabodetabek,Perempuan,Belum Kawin,Karyawan Swasta,"Simpanan jangka panjang, Kegiatan sehari-hari",5-10 juta,20-30%
2,Tabungan Regular,21-30 tahun,Jabodetabek,Laki-laki,Belum Kawin,Karyawan Swasta,Kegiatan sehari-hari,10-15 juta,> 30%
4,Tabungan Regular,30-55 tahun,Jabodetabek,Laki-laki,Kawin,Karyawan Swasta,Kegiatan sehari-hari,> 20 juta,20-30%
6,Tabungan Anak Muda,17-21 tahun,Jabodetabek,Perempuan,Belum Kawin,Mahasiswa,Kegiatan sehari-hari,1-5 juta,10-20%
7,Tabungan Premium,21-30 tahun,Non Jabodetabek,Laki-laki,Belum Kawin,Karyawan Swasta,Kegiatan sehari-hari,10-15 juta,20-30%
9,Tabungan Regular,17-21 tahun,Jabodetabek,Perempuan,Belum Kawin,Mahasiswa,Kegiatan sehari-hari,1-5 juta,20-30%
10,Tabungan Regular,21-30 tahun,Jabodetabek,Laki-laki,Belum Kawin,Karyawan Swasta,"Investasi, Simpanan jangka panjang, Kegiatan sehari-hari",10-15 juta,5-10%
11,Tabungan Regular,21-30 tahun,Non Jabodetabek,Perempuan,Belum Kawin,Mahasiswa,"Simpanan jangka panjang, Kegiatan sehari-hari",1-5 juta,1-5%
12,Tabungan Regular,17-21 tahun,Non Jabodetabek,Laki-laki,Belum Kawin,Mahasiswa,"Simpanan jangka panjang, Kegiatan sehari-hari",1-5 juta,20-30%
14,Tabungan Medium,21-30 tahun,Jabodetabek,Laki-laki,Belum Kawin,Karyawan Swasta,"Simpanan jangka panjang, Kegiatan sehari-hari",10-15 juta,20-30%
16,Tabungan Regular,21-30 tahun,Jabodetabek,Laki-laki,Belum Kawin,Karyawan Swasta,Kegiatan sehari-hari,5-10 juta,5-10%
18,Tabungan Online,17-21 tahun,Non Jabodetabek,Laki-laki,Belum Kawin,Mahasiswa,"Investasi, Simpanan jangka panjang",1-5 juta,> 30%
21,Tabungan Online,17-21 tahun,Jabodetabek,Laki-laki,Belum Kawin,Mahasiswa,Kegiatan sehari-hari,1-5 juta,20-30%
25,Tabungan Berjangka,30-55 tahun,Jabodetabek,Laki-laki,Kawin,Karyawan Swasta,Simpanan jangka panjang,15-20 juta,10-20%
28,Tabungan Regular,17-21 tahun,Jabodetabek,Laki-laki,Belum Kawin,Mahasiswa,"Investasi, Simpanan jangka panjang, Kegiatan sehari-hari",1-5 juta,20-30%
29,Tabungan Regular,17-21 tahun,Jabodetabek,Perempuan,Belum Kawin,Mahasiswa,"Simpanan jangka panjang, Kegiatan sehari-hari",5-10 juta,1-5%
30,Tabungan Regular,17-21 tahun,Jabodetabek,Laki-laki,Belum Kawin,Mahasiswa,Kegiatan sehari-hari,1-5 juta,> 30%
31,Tabungan Regular,21-30 tahun,Jabodetabek,Laki-laki,Belum Kawin,Lainnya,"Simpanan jangka panjang, Kegiatan sehari-hari",1-5 juta,1-5%
33,Tabungan Online,21-30 tahun,Jabodetabek,Perempuan,Belum Kawin,Karyawan Swasta,"Investasi, Simpanan jangka panjang",5-10 juta,10-20%
35,Tabungan Regular,21-30 tahun,Jabodetabek,Laki-laki,Belum Kawin,Karyawan Swasta,"Simpanan jangka panjang, Kegiatan sehari-hari",10-15 juta,20-30%
36,Tabungan Regular,17-21 tahun,Non Jabodetabek,Laki-laki,Belum Kawin,Mahasiswa,Kegiatan sehari-hari,1-5 juta,10-20%
37,Tabungan Regular,30-55 tahun,Jabodetabek,Laki-laki,Kawin,Karyawan Swasta,"Simpanan jangka panjang, Kegiatan sehari-hari, Lainnya",15-20 juta,5-10%
38,Tabungan Regular,17-21 tahun,Jabodetabek,Perempuan,Belum Kawin,Mahasiswa,Kegiatan sehari-hari,1-5 juta,1-5%
39,Tabungan Online,21-30 tahun,Jabodetabek,Perempuan,Belum Kawin,Karyawan Swasta,"Simpanan jangka panjang, Kegiatan sehari-hari",5-10 juta,20-30%
40,Tabungan Regular,21-30 tahun,Jabodetabek,Perempuan,Belum Kawin,Karyawan Swasta,"Simpanan jangka panjang, Kegiatan sehari-hari",10-15 juta,1-5%
42,Tabungan Regular,21-30 tahun,Jabodetabek,Laki-laki,Belum Kawin,Karyawan Swasta,Kegiatan sehari-hari,5-10 juta,10-20%
46,Tabungan Anak Muda,17-21 tahun,Non Jabodetabek,Laki-laki,Belum Kawin,Mahasiswa,"Investasi, Simpanan jangka panjang, Kegiatan sehari-hari",10-15 juta,> 30%
49,Tabungan Anak Muda,17-21 tahun,Jabodetabek,Laki-laki,Belum Kawin,Mahasiswa,"Investasi, Simpanan jangka panjang, Kegiatan sehari-hari",1-5 juta,> 30%
50,Tabungan Regular,21-30 tahun,Jabodetabek,Perempuan,Belum Kawin,Karyawan Swasta,Simpanan jangka panjang,10-15 juta,20-30%
52,Tabungan Regular,17-21 tahun,Non Jabodetabek,Laki-laki,Belum Kawin,Mahasiswa,Kegiatan sehari-hari,1-5 juta,> 30%
53,Tabungan Regular,21-30 tahun,Jabodetabek,Perempuan,Belum Kawin,Mahasiswa,Kegiatan sehari-hari,1-5 juta,10-20%
59,Tabungan Medium,17-21 tahun,Jabodetabek,Perempuan,Belum Kawin,Mahasiswa,"Investasi, Simpanan jangka panjang",5-10 juta,20-30%
60,Tabungan Regular,17-21 tahun,Jabodetabek,Perempuan,Belum Kawin,Mahasiswa,"Investasi, Simpanan jangka panjang",1-5 juta,> 30%
61,Tabungan Regular,17-21 tahun,Non Jabodetabek,Perempuan,Belum Kawin,Mahasiswa,Kegiatan sehari-hari,5-10 juta,10-20%
62,Tabungan Regular,21-30 tahun,Jabodetabek,Laki-laki,Belum Kawin,Karyawan Swasta,Kegiatan sehari-hari,10-15 juta,> 30%
64,Tabungan Anak Muda,17-21 tahun,Jabodetabek,Laki-laki,Belum Kawin,Mahasiswa,"Simpanan jangka panjang, Kegiatan sehari-hari",1-5 juta,20-30%
66,Tabungan Pelajar,17-21 tahun,Jabodetabek,Perempuan,Belum Kawin,Mahasiswa,"Simpanan jangka panjang, Kegiatan sehari-hari",1-5 juta,10-20%
67,Tabungan Regular,17-21 tahun,Jabodetabek,Perempuan,Belum Kawin,Mahasiswa,Kegiatan sehari-hari,1-5 juta,> 30%
68,Tabungan Regular,21-30 tahun,Jabodetabek,Laki-laki,Belum Kawin,Karyawan Swasta,"Investasi, Simpanan jangka panjang, Kegiatan sehari-hari",10-15 juta,> 30%
70,Tabungan Regular,17-21 tahun,Jabodetabek,Perempuan,Belum Kawin,Karyawan Swasta,"Investasi, Simpanan jangka panjang, Kegiatan sehari-hari, Lainnya",5-10 juta,> 30%
71,Tabungan Regular,17-21 tahun,Jabodetabek,Laki-laki,Belum Kawin,Mahasiswa,"Simpanan jangka panjang, Kegiatan sehari-hari",1-5 juta,20-30%
72,Tabungan Regular,21-30 tahun,Non Jabodetabek,Perempuan,Belum Kawin,Mahasiswa,"Simpanan jangka panjang, Kegiatan sehari-hari",< 1 juta,1-5%
74,Tabungan Regular,30-55 tahun,Non Jabodetabek,Perempuan,Kawin,Karyawan Swasta,Simpanan jangka panjang,1-5 juta,5-10%
75,Tabungan Regular,21-30 tahun,Jabodetabek,Laki-laki,Belum Kawin,Karyawan Swasta,Simpanan jangka panjang,5-10 juta,5-10%
76,Tabungan Anak Muda,17-21 tahun,Non Jabodetabek,Perempuan,Belum Kawin,Mahasiswa,Kegiatan sehari-hari,< 1 juta,1-5%
78,Tabungan Regular,> 55 tahun,Non Jabodetabek,Perempuan,Kawin,Karyawan Swasta,Lainnya,15-20 juta,20-30%
79,Tabungan Regular,30-55 tahun,Non Jabodetabek,Perempuan,Kawin,Karyawan Swasta,Investasi,> 20 juta,> 30%
85,Tabungan Premium,30-55 tahun,Non Jabodetabek,Laki-laki,Kawin,Karyawan Swasta,"Investasi, Kegiatan sehari-hari",> 20 juta,> 30%
91,Tabungan Regular,30-55 tahun,Non Jabodetabek,Perempuan,Kawin,Karyawan Swasta,Kegiatan sehari-hari,> 20 juta,20-30%
92,Tabungan Regular,30-55 tahun,Non Jabodetabek,Laki-laki,Kawin,Karyawan Swasta,Kegiatan sehari-hari,> 20 juta,5-10%
93,Tabungan Regular,30-55 tahun,Non Jabodetabek,Laki-laki,Kawin,Karyawan Swasta,"Investasi, Simpanan jangka panjang, Kegiatan sehari-hari, Lainnya",> 20 juta,20-30%
94,Tabungan Regular,30-55 tahun,Non Jabodetabek,Perempuan,Kawin,Karyawan Swasta,Kegiatan sehari-hari,> 20 juta,1-5%
95,Tabungan Online,17-21 tahun,Jabodetabek,Perempuan,Belum Kawin,Mahasiswa,Investasi,5-10 juta,10-20%
98,Tabungan Regular,21-30 tahun,Non Jabodetabek,Laki-laki,Kawin,Karyawan Swasta,Simpanan jangka panjang,5-10 juta,20-30%
99,Tabungan Regular,30-55 tahun,Non Jabodetabek,Laki-laki,Kawin,Karyawan Swasta,Kegiatan sehari-hari,> 20 juta,20-30%
101,Tabungan Regular,17-21 tahun,Non Jabodetabek,Perempuan,Belum Kawin,Karyawan Swasta,Kegiatan sehari-hari,5-10 juta,5-10%
102,TabunganKu,21-30 tahun,Non Jabodetabek,Laki-laki,Kawin,Karyawan Swasta,Simpanan jangka panjang,1-5 juta,10-20%
103,Tabungan Regular,21-30 tahun,Jabodetabek,Laki-laki,Belum Kawin,Mahasiswa,"Investasi, Simpanan jangka panjang, Kegiatan sehari-hari",1-5 juta,5-10%
104,Tabungan Regular,21-30 tahun,Non Jabodetabek,Perempuan,Belum Kawin,Karyawan Swasta,Kegiatan sehari-hari,1-5 juta,> 30%
105,Tabungan Berjangka,30-55 tahun,Non Jabodetabek,Laki-laki,Kawin,Karyawan Swasta,Simpanan jangka panjang,5-10 juta,5-10%
106,Tabungan Regular,30-55 tahun,Non Jabodetabek,Laki-laki,Kawin,Karyawan Swasta,"Investasi, Kegiatan sehari-hari",> 20 juta,20-30%
111,Tabungan Regular,21-30 tahun,Non Jabodetabek,Perempuan,Belum Kawin,Karyawan Swasta,"Investasi, Simpanan jangka panjang",5-10 juta,5-10%
114,Tabungan Anak Muda,21-30 tahun,Non Jabodetabek,Perempuan,Belum Kawin,Mahasiswa,Kegiatan sehari-hari,< 1 juta,1-5%
116,Tabungan Regular,21-30 tahun,Jabodetabek,Perempuan,Belum Kawin,Mahasiswa,"Simpanan jangka panjang, Kegiatan sehari-hari",1-5 juta,10-20%
117,Tabungan Regular,30-55 tahun,Non Jabodetabek,Perempuan,Kawin,Karyawan Swasta,Investasi,15-20 juta,5-10%
118,Tabungan Medium,21-30 tahun,Jabodetabek,Perempuan,Belum Kawin,Pelajar,Kegiatan sehari-hari,1-5 juta,0%
120,Tabungan Regular,30-55 tahun,Non Jabodetabek,Laki-laki,Kawin,Karyawan Swasta,Simpanan jangka panjang,5-10 juta,5-10%
121,Tabungan Regular,21-30 tahun,Jabodetabek,Laki-laki,Belum Kawin,Karyawan Swasta,"Investasi, Simpanan jangka panjang",5-10 juta,10-20%
124,Tabungan Anak Muda,21-30 tahun,Jabodetabek,Laki-laki,Belum Kawin,Karyawan Swasta,"Investasi, Simpanan jangka panjang, Kegiatan sehari-hari",5-10 juta,20-30%
125,Tabungan Regular,17-21 tahun,Jabodetabek,Perempuan,Belum Kawin,Mahasiswa,"Investasi, Simpanan jangka panjang, Kegiatan sehari-hari",5-10 juta,> 30%
126,Tabungan Regular,17-21 tahun,Jabodetabek,Laki-laki,Belum Kawin,Mahasiswa,Kegiatan sehari-hari,1-5 juta,10-20%
127,Tabungan Regular,17-21 tahun,Jabodetabek,Perempuan,Belum Kawin,Mahasiswa,"Simpanan jangka panjang, Kegiatan sehari-hari",< 1 juta,1-5%
129,Tabungan Anak Muda,12-17 tahun,Non Jabodetabek,Perempuan,Belum Kawin,Pelajar,"Investasi, Kegiatan sehari-hari",< 1 juta,10-20%
131,Tabungan Regular,21-30 tahun,Jabodetabek,Perempuan,Belum Kawin,Karyawan Swasta,"Investasi, Simpanan jangka panjang, Kegiatan sehari-hari",10-15 juta,> 30%
137,Tabungan Anak Muda,21-30 tahun,Jabodetabek,Laki-laki,Kawin,Karyawan Swasta,Lainnya,5-10 juta,10-20%
139,Tabungan Anak Muda,21-30 tahun,Jabodetabek,Laki-laki,Belum Kawin,Karyawan Swasta,Kegiatan sehari-hari,5-10 juta,> 30%
143,Tabungan Regular,30-55 tahun,Jabodetabek,Laki-laki,Kawin,Karyawan Swasta,Kegiatan sehari-hari,15-20 juta,1-5%
146,TabunganKu,17-21 tahun,Jabodetabek,Perempuan,Belum Kawin,Karyawan Swasta,"Simpanan jangka panjang, Kegiatan sehari-hari",5-10 juta,10-20%
148,Tabungan Regular,17-21 tahun,Non Jabodetabek,Perempuan,Belum Kawin,Mahasiswa,Kegiatan sehari-hari,1-5 juta,5-10%
149,Tabungan Anak Muda,21-30 tahun,Jabodetabek,Perempuan,Belum Kawin,Karyawan Swasta,"Simpanan jangka panjang, Kegiatan sehari-hari",1-5 juta,1-5%
150,Tabungan Online,17-21 tahun,Jabodetabek,Perempuan,Belum Kawin,Karyawan Swasta,Lainnya,1-5 juta,5-10%
151,Tabungan Anak Muda,17-21 tahun,Non Jabodetabek,Perempuan,Belum Kawin,Mahasiswa,Kegiatan sehari-hari,< 1 juta,1-5%
153,Tabungan Online,21-30 tahun,Jabodetabek,Perempuan,Belum Kawin,Pengusaha,"Investasi, Simpanan jangka panjang, Kegiatan sehari-hari",1-5 juta,5-10%
154,Tabungan Regular,21-30 tahun,Jabodetabek,Perempuan,Belum Kawin,Mahasiswa,"Simpanan jangka panjang, Kegiatan sehari-hari",1-5 juta,5-10%
156,Tabungan Regular,21-30 tahun,Jabodetabek,Laki-laki,Belum Kawin,Karyawan Swasta,"Simpanan jangka panjang, Kegiatan sehari-hari",10-15 juta,10-20%
158,Tabungan Regular,30-55 tahun,Jabodetabek,Perempuan,Belum Kawin,Karyawan Swasta,Kegiatan sehari-hari,> 20 juta,> 30%
160,TabunganKu,21-30 tahun,Jabodetabek,Perempuan,Belum Kawin,Mahasiswa,"Simpanan jangka panjang, Kegiatan sehari-hari",1-5 juta,1-5%
161,Tabungan Regular,21-30 tahun,Non Jabodetabek,Perempuan,Belum Kawin,Karyawan Swasta,Kegiatan sehari-hari,1-5 juta,5-10%
162,Tabungan Regular,21-30 tahun,Jabodetabek,Perempuan,Belum Kawin,Karyawan Swasta,Simpanan jangka panjang,10-15 juta,5-10%
163,Tabungan Regular,21-30 tahun,Non Jabodetabek,Perempuan,Belum Kawin,Mahasiswa,Kegiatan sehari-hari,< 1 juta,1-5%
165,Tabungan Regular,17-21 tahun,Jabodetabek,Perempuan,Belum Kawin,Karyawan Swasta,"Kegiatan sehari-hari, Lainnya",5-10 juta,10-20%
181,Tabungan Regular,21-30 tahun,Jabodetabek,Laki-laki,Belum Kawin,Karyawan Swasta,"Investasi, Simpanan jangka panjang, Kegiatan sehari-hari",10-15 juta,> 30%
183,Tabungan Regular,17-21 tahun,Non Jabodetabek,Perempuan,Belum Kawin,Mahasiswa,"Investasi, Kegiatan sehari-hari",10-15 juta,1-5%
187,Tabungan Online,17-21 tahun,Jabodetabek,Laki-laki,Belum Kawin,Mahasiswa,"Simpanan jangka panjang, Kegiatan sehari-hari",1-5 juta,> 30%
188,Tabungan Premium,21-30 tahun,Jabodetabek,Laki-laki,Belum Kawin,Karyawan Swasta,Kegiatan sehari-hari,15-20 juta,> 30%
191,Tabungan Online,17-21 tahun,Jabodetabek,Perempuan,Belum Kawin,Mahasiswa,Kegiatan sehari-hari,1-5 juta,10-20%
192,Tabungan Regular,17-21 tahun,Jabodetabek,Perempuan,Belum Kawin,Mahasiswa,"Simpanan jangka panjang, Kegiatan sehari-hari",1-5 juta,5-10%
194,Tabungan Online,21-30 tahun,Jabodetabek,Perempuan,Belum Kawin,Karyawan Swasta,"Investasi, Simpanan jangka panjang, Kegiatan sehari-hari",5-10 juta,> 30%
195,Tabungan Regular,21-30 tahun,Jabodetabek,Laki-laki,Kawin,Karyawan Swasta,"Simpanan jangka panjang, Kegiatan sehari-hari",10-15 juta,10-20%
196,Tabungan Regular,21-30 tahun,Jabodetabek,Laki-laki,Belum Kawin,Karyawan Swasta,"Investasi, Kegiatan sehari-hari",10-15 juta,5-10%
197,Tabungan Berjangka,21-30 tahun,Jabodetabek,Laki-laki,Belum Kawin,Karyawan Swasta,Simpanan jangka panjang,5-10 juta,5-10%
200,Tabungan Online,30-55 tahun,Jabodetabek,Laki-laki,Belum Kawin,Karyawan Swasta,"Investasi, Simpanan jangka panjang",> 20 juta,20-30%
201,Tabungan Regular,21-30 tahun,Jabodetabek,Laki-laki,Kawin,Karyawan Swasta,"Simpanan jangka panjang, Kegiatan sehari-hari",10-15 juta,20-30%
203,Tabungan Regular,21-30 tahun,Jabodetabek,Laki-laki,Belum Kawin,Karyawan Swasta,"Simpanan jangka panjang, Kegiatan sehari-hari",10-15 juta,20-30%
204,Tabungan Pelajar,21-30 tahun,Non Jabodetabek,Perempuan,Belum Kawin,Mahasiswa,Kegiatan sehari-hari,1-5 juta,5-10%
206,Tabungan Online,17-21 tahun,Jabodetabek,Perempuan,Belum Kawin,Mahasiswa,"Investasi, Simpanan jangka panjang, Kegiatan sehari-hari",5-10 juta,1-5%
207,Tabungan Anak Muda,17-21 tahun,Jabodetabek,Perempuan,Belum Kawin,Mahasiswa,"Investasi, Simpanan jangka panjang, Kegiatan sehari-hari",1-5 juta,10-20%
209,Tabungan Regular,17-21 tahun,Jabodetabek,Laki-laki,Belum Kawin,Mahasiswa,Simpanan jangka panjang,1-5 juta,20-30%
210,Tabungan Regular,17-21 tahun,Jabodetabek,Laki-laki,Belum Kawin,Mahasiswa,"Investasi, Simpanan jangka panjang, Kegiatan sehari-hari",5-10 juta,> 30%
211,Tabungan Online,17-21 tahun,Jabodetabek,Perempuan,Belum Kawin,Mahasiswa,"Investasi, Kegiatan sehari-hari",5-10 juta,> 30%
214,Tabungan Regular,21-30 tahun,Non Jabodetabek,Laki-laki,Belum Kawin,Karyawan Swasta,Kegiatan sehari-hari,5-10 juta,5-10%
220,Tabungan Regular,21-30 tahun,Jabodetabek,Perempuan,Belum Kawin,Karyawan Swasta,"Simpanan jangka panjang, Kegiatan sehari-hari",5-10 juta,20-30%
221,Tabungan Online,21-30 tahun,Non Jabodetabek,Perempuan,Belum Kawin,Karyawan Swasta,Kegiatan sehari-hari,5-10 juta,> 30%
222,Tabungan Regular,17-21 tahun,Jabodetabek,Perempuan,Belum Kawin,Karyawan Swasta,"Simpanan jangka panjang, Kegiatan sehari-hari",5-10 juta,10-20%
223,Tabungan Regular,17-21 tahun,Jabodetabek,Perempuan,Belum Kawin,Mahasiswa,Kegiatan sehari-hari,1-5 juta,> 30%
224,Tabungan Regular,21-30 tahun,Jabodetabek,Laki-laki,Belum Kawin,Mahasiswa,"Investasi, Simpanan jangka panjang, Kegiatan sehari-hari",1-5 juta,5-10%
225,Tabungan Regular,17-21 tahun,Jabodetabek,Perempuan,Belum Kawin,Karyawan Swasta,"Investasi, Simpanan jangka panjang, Kegiatan sehari-hari",5-10 juta,> 30%
227,Tabungan Anak Muda,17-21 tahun,Jabodetabek,Perempuan,Belum Kawin,Mahasiswa,Kegiatan sehari-hari,< 1 juta,1-5%
230,Tabungan Regular,21-30 tahun,Non Jabodetabek,Perempuan,Belum Kawin,Karyawan Swasta,Kegiatan sehari-hari,5-10 juta,> 30%
231,Tabungan Regular,17-21 tahun,Jabodetabek,Laki-laki,Belum Kawin,Karyawan Swasta,"Simpanan jangka panjang, Kegiatan sehari-hari",5-10 juta,20-30%
233,Tabungan Regular,21-30 tahun,Jabodetabek,Laki-laki,Belum Kawin,Karyawan Swasta,Kegiatan sehari-hari,15-20 juta,> 30%
234,Tabungan Premium,30-55 tahun,Non Jabodetabek,Perempuan,Kawin,Karyawan Swasta,Kegiatan sehari-hari,15-20 juta,20-30%
235,Tabungan Online,30-55 tahun,Non Jabodetabek,Perempuan,Kawin,Karyawan Swasta,Investasi,15-20 juta,10-20%
236,TabunganKu,21-30 tahun,Non Jabodetabek,Perempuan,Belum Kawin,Mahasiswa,"Investasi, Simpanan jangka panjang",1-5 juta,> 30%
237,Tabungan Online,17-21 tahun,Jabodetabek,Perempuan,Belum Kawin,Mahasiswa,Simpanan jangka panjang,1-5 juta,> 30%
239,Tabungan Regular,21-30 tahun,Jabodetabek,Perempuan,Belum Kawin,Karyawan Swasta,"Simpanan jangka panjang, Kegiatan sehari-hari",5-10 juta,> 30%
242,Tabungan Regular,17-21 tahun,Jabodetabek,Laki-laki,Belum Kawin,Mahasiswa,Simpanan jangka panjang,1-5 juta,> 30%
243,Tabungan Anak Muda,21-30 tahun,Jabodetabek,Laki-laki,Belum Kawin,Karyawan Swasta,Kegiatan sehari-hari,1-5 juta,5-10%
244,Tabungan Regular,21-30 tahun,Jabodetabek,Perempuan,Belum Kawin,Mahasiswa,Kegiatan sehari-hari,1-5 juta,5-10%
246,Tabungan Anak Muda,17-21 tahun,Jabodetabek,Perempuan,Belum Kawin,Mahasiswa,Kegiatan sehari-hari,1-5 juta,10-20%
247,Tabungan Anak Muda,17-21 tahun,Jabodetabek,Laki-laki,Belum Kawin,Mahasiswa,Kegiatan sehari-hari,5-10 juta,> 30%
249,Tabungan Regular,17-21 tahun,Jabodetabek,Perempuan,Belum Kawin,Mahasiswa,"Kegiatan sehari-hari, Lainnya",5-10 juta,1-5%
250,Tabungan Regular,21-30 tahun,Jabodetabek,Perempuan,Belum Kawin,Karyawan Swasta,Investasi,5-10 juta,20-30%
257,Tabungan Berjangka,17-21 tahun,Jabodetabek,Laki-laki,Belum Kawin,Mahasiswa,Kegiatan sehari-hari,5-10 juta,10-20%
258,Tabungan Regular,21-30 tahun,Jabodetabek,Laki-laki,Kawin,Karyawan Swasta,Kegiatan sehari-hari,10-15 juta,> 30%
259,Tabungan Regular,21-30 tahun,Jabodetabek,Perempuan,Belum Kawin,Karyawan Swasta,"Kegiatan sehari-hari, Lainnya",5-10 juta,5-10%
261,Tabungan Anak Muda,17-21 tahun,Jabodetabek,Laki-laki,Belum Kawin,Mahasiswa,"Investasi, Kegiatan sehari-hari",5-10 juta,10-20%
264,Tabungan Anak Muda,17-21 tahun,Jabodetabek,Perempuan,Belum Kawin,Karyawan Swasta,Kegiatan sehari-hari,5-10 juta,> 30%
265,Tabungan Anak Muda,17-21 tahun,Jabodetabek,Perempuan,Belum Kawin,Mahasiswa,Kegiatan sehari-hari,< 1 juta,5-10%
266,Tabungan Regular,21-30 tahun,Jabodetabek,Perempuan,Belum Kawin,Karyawan Swasta,Kegiatan sehari-hari,10-15 juta,1-5%
269,Tabungan Regular,21-30 tahun,Jabodetabek,Perempuan,Belum Kawin,Mahasiswa,"Simpanan jangka panjang, Kegiatan sehari-hari",1-5 juta,1-5%
272,Tabungan Online,17-21 tahun,Jabodetabek,Perempuan,Belum Kawin,Mahasiswa,"Investasi, Simpanan jangka panjang, Kegiatan sehari-hari, Lainnya",5-10 juta,5-10%
274,Tabungan Anak Muda,17-21 tahun,Jabodetabek,Laki-laki,Belum Kawin,Mahasiswa,Kegiatan sehari-hari,1-5 juta,10-20%
276,Tabungan Regular,21-30 tahun,Jabodetabek,Perempuan,Belum Kawin,Karyawan Swasta,Simpanan jangka panjang,10-15 juta,20-30%
277,Tabungan Regular,21-30 tahun,Jabodetabek,Laki-laki,Belum Kawin,Karyawan Swasta,"Simpanan jangka panjang, Kegiatan sehari-hari",10-15 juta,> 30%
278,Tabungan Regular,21-30 tahun,Jabodetabek,Perempuan,Belum Kawin,Karyawan Swasta,"Investasi, Simpanan jangka panjang, Kegiatan sehari-hari",5-10 juta,20-30%
280,Tabungan Berjangka,17-21 tahun,Jabodetabek,Laki-laki,Belum Kawin,Karyawan Swasta,Simpanan jangka panjang,5-10 juta,1-5%
281,Tabungan Regular,21-30 tahun,Non Jabodetabek,Laki-laki,Belum Kawin,Mahasiswa,"Investasi, Simpanan jangka panjang, Kegiatan sehari-hari",5-10 juta,> 30%
284,Tabungan Regular,30-55 tahun,Jabodetabek,Perempuan,Kawin,Karyawan Swasta,Kegiatan sehari-hari,10-15 juta,10-20%
285,Tabungan Regular,21-30 tahun,Jabodetabek,Perempuan,Belum Kawin,Karyawan Swasta,Kegiatan sehari-hari,5-10 juta,10-20%
286,Tabungan Regular,17-21 tahun,Jabodetabek,Perempuan,Belum Kawin,Mahasiswa,Kegiatan sehari-hari,1-5 juta,1-5%
287,Tabungan Regular,17-21 tahun,Non Jabodetabek,Laki-laki,Belum Kawin,Mahasiswa,"Simpanan jangka panjang, Kegiatan sehari-hari",1-5 juta,> 30%
289,Tabungan Regular,17-21 tahun,Jabodetabek,Perempuan,Belum Kawin,Mahasiswa,"Simpanan jangka panjang, Kegiatan sehari-hari",1-5 juta,10-20%
290,Tabungan Regular,17-21 tahun,Non Jabodetabek,Perempuan,Belum Kawin,Mahasiswa,Kegiatan sehari-hari,5-10 juta,10-20%
291,Tabungan Regular,21-30 tahun,Jabodetabek,Laki-laki,Belum Kawin,Karyawan Swasta,Simpanan jangka panjang,10-15 juta,10-20%
294,Tabungan Pelajar,21-30 tahun,Jabodetabek,Laki-laki,Belum Kawin,Mahasiswa,"Investasi, Kegiatan sehari-hari",5-10 juta,10-20%
295,Tabungan Regular,17-21 tahun,Jabodetabek,Perempuan,Belum Kawin,Mahasiswa,Simpanan jangka panjang,5-10 juta,> 30%
296,Tabungan Regular,17-21 tahun,Jabodetabek,Perempuan,Belum Kawin,Mahasiswa,"Investasi, Simpanan jangka panjang, Kegiatan sehari-hari",5-10 juta,10-20%
297,Tabungan Regular,17-21 tahun,Jabodetabek,Laki-laki,Belum Kawin,Karyawan Swasta,"Simpanan jangka panjang, Kegiatan sehari-hari",5-10 juta,> 30%
298,Tabungan Regular,21-30 tahun,Jabodetabek,Laki-laki,Belum Kawin,Karyawan Swasta,"Simpanan jangka panjang, Kegiatan sehari-hari",10-15 juta,20-30%
300,Tabungan Regular,21-30 tahun,Jabodetabek,Laki-laki,Belum Kawin,Karyawan Swasta,"Simpanan jangka panjang, Kegiatan sehari-hari",5-10 juta,> 30%
301,Tabungan Regular,17-21 tahun,Jabodetabek,Perempuan,Belum Kawin,Karyawan Swasta,"Simpanan jangka panjang, Kegiatan sehari-hari",5-10 juta,10-20%
302,Tabungan Regular,17-21 tahun,Jabodetabek,Laki-laki,Belum Kawin,Karyawan Swasta,Kegiatan sehari-hari,5-10 juta,> 30%
305,Tabungan Berjangka,17-21 tahun,Non Jabodetabek,Perempuan,Belum Kawin,Mahasiswa,Simpanan jangka panjang,5-10 juta,10-20%
306,Tabungan Pelajar,17-21 tahun,Jabodetabek,Laki-laki,Belum Kawin,Lainnya,Kegiatan sehari-hari,1-5 juta,1-5%
308,Tabungan Online,30-55 tahun,Non Jabodetabek,Perempuan,Kawin,Lainnya,Kegiatan sehari-hari,1-5 juta,1-5%
309,Tabungan Regular,17-21 tahun,Jabodetabek,Perempuan,Belum Kawin,Mahasiswa,Kegiatan sehari-hari,1-5 juta,1-5%
311,Tabungan Regular,21-30 tahun,Jabodetabek,Laki-laki,Belum Kawin,Mahasiswa,Kegiatan sehari-hari,< 1 juta,10-20%
312,Tabungan Berjangka,21-30 tahun,Jabodetabek,Laki-laki,Belum Kawin,Lainnya,Simpanan jangka panjang,5-10 juta,20-30%
313,Tabungan Berjangka,17-21 tahun,Jabodetabek,Perempuan,Belum Kawin,Karyawan Swasta,"Investasi, Simpanan jangka panjang",5-10 juta,20-30%
314,Tabungan Regular,17-21 tahun,Jabodetabek,Perempuan,Belum Kawin,Mahasiswa,Kegiatan sehari-hari,< 1 juta,20-30%
315,Tabungan Regular,17-21 tahun,Jabodetabek,Perempuan,Belum Kawin,Mahasiswa,Kegiatan sehari-hari,1-5 juta,1-5%
317,Tabungan Anak Muda,17-21 tahun,Jabodetabek,Laki-laki,Belum Kawin,Mahasiswa,"Simpanan jangka panjang, Kegiatan sehari-hari",1-5 juta,> 30%
318,Tabungan Pelajar,21-30 tahun,Jabodetabek,Perempuan,Belum Kawin,Lainnya,"Simpanan jangka panjang, Kegiatan sehari-hari",1-5 juta,20-30%
320,Tabungan Regular,21-30 tahun,Jabodetabek,Perempuan,Belum Kawin,Lainnya,"Simpanan jangka panjang, Kegiatan sehari-hari",< 1 juta,10-20%
322,Tabungan Regular,17-21 tahun,Jabodetabek,Perempuan,Belum Kawin,Mahasiswa,"Simpanan jangka panjang, Kegiatan sehari-hari",1-5 juta,5-10%
324,Tabungan Regular,17-21 tahun,Jabodetabek,Laki-laki,Belum Kawin,Mahasiswa,"Investasi, Kegiatan sehari-hari",1-5 juta,10-20%
325,Tabungan Regular,17-21 tahun,Jabodetabek,Perempuan,Belum Kawin,Karyawan Swasta,"Simpanan jangka panjang, Kegiatan sehari-hari",5-10 juta,10-20%
326,Tabungan Regular,17-21 tahun,Jabodetabek,Laki-laki,Belum Kawin,Mahasiswa,Simpanan jangka panjang,5-10 juta,20-30%
328,Tabungan Anak Muda,17-21 tahun,Jabodetabek,Laki-laki,Belum Kawin,Karyawan Swasta,Kegiatan sehari-hari,5-10 juta,> 30%
329,Tabungan Regular,21-30 tahun,Non Jabodetabek,Perempuan,Belum Kawin,Mahasiswa,Kegiatan sehari-hari,< 1 juta,1-5%
330,Tabungan Regular,21-30 tahun,Jabodetabek,Perempuan,Belum Kawin,Mahasiswa,"Simpanan jangka panjang, Kegiatan sehari-hari",1-5 juta,5-10%
331,Tabungan Regular,17-21 tahun,Jabodetabek,Laki-laki,Belum Kawin,Karyawan Swasta,"Simpanan jangka panjang, Kegiatan sehari-hari",5-10 juta,1-5%
332,Tabungan Premium,21-30 tahun,Non Jabodetabek,Laki-laki,Belum Kawin,Karyawan Swasta,Kegiatan sehari-hari,5-10 juta,10-20%
334,Tabungan Regular,21-30 tahun,Jabodetabek,Perempuan,Belum Kawin,Karyawan Swasta,"Investasi, Simpanan jangka panjang, Kegiatan sehari-hari",5-10 juta,> 30%
335,Tabungan Regular,21-30 tahun,Jabodetabek,Perempuan,Belum Kawin,Karyawan Swasta,Kegiatan sehari-hari,5-10 juta,10-20%
337,Tabungan Pelajar,17-21 tahun,Jabodetabek,Laki-laki,Belum Kawin,Mahasiswa,"Investasi, Kegiatan sehari-hari",1-5 juta,0%
338,Tabungan Regular,17-21 tahun,Jabodetabek,Laki-laki,Belum Kawin,Karyawan Swasta,Kegiatan sehari-hari,5-10 juta,> 30%
340,Tabungan Anak Muda,17-21 tahun,Non Jabodetabek,Perempuan,Belum Kawin,Mahasiswa,Kegiatan sehari-hari,< 1 juta,1-5%
343,Tabungan Premium,17-21 tahun,Jabodetabek,Perempuan,Belum Kawin,Karyawan Swasta,Kegiatan sehari-hari,5-10 juta,10-20%
345,Tabungan Online,21-30 tahun,Jabodetabek,Perempuan,Belum Kawin,Karyawan Swasta,Investasi,5-10 juta,10-20%
346,Tabungan Anak Muda,17-21 tahun,Non Jabodetabek,Perempuan,Belum Kawin,Mahasiswa,Kegiatan sehari-hari,< 1 juta,1-5%
347,TabunganKu,17-21 tahun,Jabodetabek,Perempuan,Belum Kawin,Karyawan Swasta,"Investasi, Simpanan jangka panjang",< 1 juta,5-10%
348,Tabungan Online,17-21 tahun,Jabodetabek,Perempuan,Belum Kawin,Mahasiswa,"Investasi, Simpanan jangka panjang",< 1 juta,20-30%
349,TabunganKu,21-30 tahun,Jabodetabek,Perempuan,Belum Kawin,Mahasiswa,Simpanan jangka panjang,1-5 juta,> 30%
351,Tabungan Pelajar,17-21 tahun,Non Jabodetabek,Laki-laki,Belum Kawin,Lainnya,Kegiatan sehari-hari,1-5 juta,0%
353,TabunganKu,21-30 tahun,Non Jabodetabek,Perempuan,Belum Kawin,Karyawan Swasta,Kegiatan sehari-hari,1-5 juta,> 30%
358,Tabungan Regular,17-21 tahun,Non Jabodetabek,Laki-laki,Belum Kawin,Mahasiswa,"Investasi, Kegiatan sehari-hari",1-5 juta,1-5%
359,Tabungan Anak Muda,17-21 tahun,Non Jabodetabek,Perempuan,Belum Kawin,Mahasiswa,Kegiatan sehari-hari,1-5 juta,1-5%
361,Tabungan Regular,21-30 tahun,Jabodetabek,Laki-laki,Belum Kawin,Karyawan Swasta,"Simpanan jangka panjang, Kegiatan sehari-hari",1-5 juta,> 30%
363,Tabungan Regular,21-30 tahun,Jabodetabek,Laki-laki,Belum Kawin,Karyawan Swasta,"Simpanan jangka panjang, Kegiatan sehari-hari",10-15 juta,1-5%
371,Tabungan Anak Muda,21-30 tahun,Non Jabodetabek,Laki-laki,Belum Kawin,Mahasiswa,Kegiatan sehari-hari,1-5 juta,5-10%
372,Tabungan Regular,17-21 tahun,Jabodetabek,Perempuan,Belum Kawin,Mahasiswa,Kegiatan sehari-hari,< 1 juta,1-5%
373,Tabungan Anak Muda,17-21 tahun,Non Jabodetabek,Perempuan,Belum Kawin,Mahasiswa,"Investasi, Simpanan jangka panjang, Kegiatan sehari-hari",1-5 juta,20-30%
375,Tabungan Regular,21-30 tahun,Jabodetabek,Laki-laki,Belum Kawin,Karyawan Swasta,Investasi,5-10 juta,1-5%
377,Tabungan Regular,21-30 tahun,Jabodetabek,Laki-laki,Belum Kawin,Karyawan Swasta,"Investasi, Kegiatan sehari-hari",10-15 juta,10-20%
379,Tabungan Pelajar,21-30 tahun,Non Jabodetabek,Perempuan,Belum Kawin,Mahasiswa,"Investasi, Simpanan jangka panjang, Kegiatan sehari-hari",1-5 juta,5-10%
380,Tabungan Regular,17-21 tahun,Jabodetabek,Laki-laki,Belum Kawin,Mahasiswa,Kegiatan sehari-hari,5-10 juta,10-20%
382,Tabungan Online,21-30 tahun,Non Jabodetabek,Perempuan,Belum Kawin,Mahasiswa,Kegiatan sehari-hari,1-5 juta,5-10%
384,Tabungan Regular,21-30 tahun,Jabodetabek,Perempuan,Belum Kawin,Karyawan Swasta,"Investasi, Simpanan jangka panjang, Kegiatan sehari-hari",1-5 juta,> 30%
385,Tabungan Regular,17-21 tahun,Jabodetabek,Laki-laki,Belum Kawin,Karyawan Swasta,"Simpanan jangka panjang, Kegiatan sehari-hari",5-10 juta,10-20%
386,Tabungan Anak Muda,21-30 tahun,Non Jabodetabek,Laki-laki,Belum Kawin,Mahasiswa,Kegiatan sehari-hari,1-5 juta,> 30%
388,Tabungan Regular,17-21 tahun,Jabodetabek,Perempuan,Belum Kawin,Mahasiswa,"Investasi, Simpanan jangka panjang, Kegiatan sehari-hari",5-10 juta,1-5%
391,Tabungan Anak Muda,17-21 tahun,Non Jabodetabek,Laki-laki,Belum Kawin,Mahasiswa,"Simpanan jangka panjang, Kegiatan sehari-hari",5-10 juta,5-10%
392,Tabungan Regular,17-21 tahun,Jabodetabek,Laki-laki,Belum Kawin,Mahasiswa,"Simpanan jangka panjang, Kegiatan sehari-hari",< 1 juta,20-30%
393,Tabungan Regular,17-21 tahun,Jabodetabek,Laki-laki,Belum Kawin,Mahasiswa,Kegiatan sehari-hari,< 1 juta,0%
396,Tabungan Regular,21-30 tahun,Non Jabodetabek,Laki-laki,Belum Kawin,Mahasiswa,Kegiatan sehari-hari,1-5 juta,> 30%
397,Tabungan Regular,17-21 tahun,Jabodetabek,Laki-laki,Belum Kawin,Mahasiswa,Kegiatan sehari-hari,1-5 juta,20-30%
398,Tabungan Anak Muda,17-21 tahun,Jabodetabek,Perempuan,Belum Kawin,Mahasiswa,"Simpanan jangka panjang, Kegiatan sehari-hari",1-5 juta,> 30%
399,Tabungan Berjangka,21-30 tahun,Jabodetabek,Perempuan,Belum Kawin,Karyawan Swasta,"Investasi, Simpanan jangka panjang",5-10 juta,> 30%
400,Tabungan Berjangka,21-30 tahun,Non Jabodetabek,Laki-laki,Kawin,Karyawan Swasta,"Simpanan jangka panjang, Kegiatan sehari-hari",15-20 juta,10-20%
401,Tabungan Anak Muda,17-21 tahun,Non Jabodetabek,Perempuan,Belum Kawin,Mahasiswa,Kegiatan sehari-hari,< 1 juta,> 30%
402,TabunganKu,21-30 tahun,Non Jabodetabek,Laki-laki,Belum Kawin,Karyawan Swasta,Simpanan jangka panjang,5-10 juta,> 30%
404,Tabungan Online,21-30 tahun,Jabodetabek,Perempuan,Belum Kawin,Pengusaha,Simpanan jangka panjang,< 1 juta,5-10%
405,Tabungan Regular,17-21 tahun,Jabodetabek,Perempuan,Belum Kawin,Mahasiswa,Kegiatan sehari-hari,5-10 juta,5-10%
409,Tabungan Anak Muda,21-30 tahun,Non Jabodetabek,Perempuan,Belum Kawin,Mahasiswa,Kegiatan sehari-hari,1-5 juta,5-10%
410,Tabungan Regular,17-21 tahun,Non Jabodetabek,Perempuan,Belum Kawin,Mahasiswa,Kegiatan sehari-hari,1-5 juta,1-5%
411,Tabungan Regular,17-21 tahun,Jabodetabek,Perempuan,Belum Kawin,Mahasiswa,"Simpanan jangka panjang, Kegiatan sehari-hari",5-10 juta,> 30%
412,Tabungan Online,17-21 tahun,Non Jabodetabek,Perempuan,Belum Kawin,Mahasiswa,Kegiatan sehari-hari,1-5 juta,5-10%
413,Tabungan Regular,21-30 tahun,Non Jabodetabek,Laki-laki,Belum Kawin,Mahasiswa,"Simpanan jangka panjang, Kegiatan sehari-hari",< 1 juta,1-5%
414,Tabungan Regular,21-30 tahun,Jabodetabek,Perempuan,Belum Kawin,Lainnya,Kegiatan sehari-hari,10-15 juta,10-20%
415,Tabungan Regular,21-30 tahun,Non Jabodetabek,Laki-laki,Belum Kawin,Mahasiswa,"Simpanan jangka panjang, Kegiatan sehari-hari",1-5 juta,20-30%
418,Tabungan Regular,21-30 tahun,Non Jabodetabek,Perempuan,Belum Kawin,Karyawan Swasta,"Kegiatan sehari-hari, Lainnya",5-10 juta,20-30%
419,Tabungan Online,17-21 tahun,Non Jabodetabek,Laki-laki,Belum Kawin,Mahasiswa,"Investasi, Simpanan jangka panjang, Kegiatan sehari-hari",5-10 juta,> 30%
420,TabunganKu,21-30 tahun,Non Jabodetabek,Laki-laki,Belum Kawin,Mahasiswa,Kegiatan sehari-hari,1-5 juta,5-10%
422,Tabungan Regular,21-30 tahun,Jabodetabek,Laki-laki,Belum Kawin,Karyawan Swasta,"Simpanan jangka panjang, Kegiatan sehari-hari",5-10 juta,10-20%
425,Tabungan Regular,17-21 tahun,Jabodetabek,Perempuan,Belum Kawin,Mahasiswa,"Investasi, Simpanan jangka panjang, Kegiatan sehari-hari",1-5 juta,20-30%
426,Tabungan Regular,21-30 tahun,Jabodetabek,Perempuan,Belum Kawin,Karyawan Swasta,"Investasi, Kegiatan sehari-hari",5-10 juta,20-30%
429,Tabungan Regular,17-21 tahun,Jabodetabek,Perempuan,Belum Kawin,Karyawan Swasta,"Investasi, Simpanan jangka panjang",1-5 juta,5-10%
435,Tabungan Regular,21-30 tahun,Jabodetabek,Perempuan,Belum Kawin,Mahasiswa,"Simpanan jangka panjang, Kegiatan sehari-hari",< 1 juta,10-20%
436,Tabungan Premium,21-30 tahun,Jabodetabek,Laki-laki,Belum Kawin,Mahasiswa,Investasi,1-5 juta,> 30%
437,TabunganKu,17-21 tahun,Jabodetabek,Perempuan,Belum Kawin,Mahasiswa,Kegiatan sehari-hari,< 1 juta,5-10%
438,Tabungan Pelajar,17-21 tahun,Jabodetabek,Perempuan,Belum Kawin,Mahasiswa,Simpanan jangka panjang,< 1 juta,10-20%
441,Tabungan Regular,21-30 tahun,Jabodetabek,Laki-laki,Belum Kawin,Karyawan Swasta,"Investasi, Simpanan jangka panjang, Kegiatan sehari-hari",5-10 juta,10-20%
442,Tabungan Anak Muda,21-30 tahun,Jabodetabek,Laki-laki,Belum Kawin,Lainnya,Kegiatan sehari-hari,1-5 juta,1-5%
443,Tabungan Regular,21-30 tahun,Jabodetabek,Perempuan,Belum Kawin,Karyawan Swasta,Kegiatan sehari-hari,5-10 juta,20-30%
445,Tabungan Anak Muda,21-30 tahun,Jabodetabek,Perempuan,Belum Kawin,Karyawan Swasta,Kegiatan sehari-hari,5-10 juta,> 30%
446,Tabungan Anak Muda,17-21 tahun,Non Jabodetabek,Perempuan,Belum Kawin,Mahasiswa,Kegiatan sehari-hari,1-5 juta,10-20%
447,Tabungan Pelajar,21-30 tahun,Non Jabodetabek,Laki-laki,Belum Kawin,Mahasiswa,Simpanan jangka panjang,< 1 juta,> 30%
448,Tabungan Anak Muda,21-30 tahun,Jabodetabek,Perempuan,Belum Kawin,Karyawan Swasta,Kegiatan sehari-hari,5-10 juta,5-10%
